st_tekme,starost,nasprotnik,zadetki,asistence,tocke,plus_minus,kazni,streli
1,18-232,WSH,0,0,0,2,0,1
2,18-234,NJD,1,0,1,-1,0,1
3,18-236,STL,0,0,0,-1,0,1
4,18-238,CHI,0,0,0,0,0,0
5,18-240,NYI,1,0,1,1,0,3
6,18-243,PHI,0,0,0,-2,0,1
7,18-246,BUF,1,1,2,1,2,3
8,18-247,NYR,0,0,0,-2,2,4
9,18-250,MTL,0,0,0,0,0,0
10,18-252,QUE,0,0,0,0,0,1
11,18-254,NJD,0,0,0,-2,0,2
12,18-255,NYI,2,0,2,2,0,3
13,18-257,PHI,0,2,2,1,0,3
14,18-261,NYR,0,0,0,0,0,0
15,18-264,CGY,0,0,0,1,2,0
16,18-266,STL,0,0,0,0,2,4
17,18-268,BOS,0,1,1,0,0,3
18,18-271,MNS,1,0,1,0,0,1
19,18-272,WIN,1,0,1,-1,0,1
20,18-275,LAK,0,0,0,0,0,0
21,18-279,PHI,0,0,0,0,0,4
22,18-281,WSH,0,0,0,-2,0,1
23,18-282,WSH,0,0,0,-1,0,1
24,18-285,EDM,0,0,0,-1,0,1
25,18-287,HAR,0,0,0,-1,2,0
26,18-289,MNS,0,0,0,0,0,0
27,18-291,NYR,0,1,1,0,0,0
28,18-293,WSH,0,0,0,0,0,1
29,18-295,VAN,0,0,0,0,0,0
30,18-296,HAR,0,0,0,-1,2,1
31,18-299,CHI,0,0,0,-2,0,1
32,18-301,NJD,0,0,0,-1,0,0
33,18-302,BUF,0,0,0,0,0,0
34,18-304,DET,0,0,0,0,0,2
35,18-306,WIN,0,1,1,1,10,1
36,18-308,MNS,1,0,1,0,0,1
37,18-310,NYI,0,1,1,0,0,1
38,18-311,NYI,1,0,1,0,0,1
39,18-314,WSH,1,2,3,3,0,1
40,18-316,DET,0,1,1,1,0,1
41,18-317,TOR,2,0,2,0,0,3
42,18-319,STL,0,0,0,0,0,1
43,18-322,NYR,0,1,1,-2,0,4
44,18-324,NJD,1,0,1,1,0,2
45,18-325,MTL,0,1,1,-2,0,2
46,18-327,EDM,0,2,2,2,2,4
47,18-329,CGY,0,1,1,1,0,1
48,18-334,PHI,0,1,1,0,0,1
49,18-336,TOR,0,0,0,0,0,1
50,18-341,NJD,0,0,0,-1,0,3
51,18-345,QUE,0,1,1,0,0,1
52,18-348,WSH,0,1,1,1,0,4
53,18-350,PHI,0,0,0,0,0,1
54,18-352,BOS,3,0,3,1,4,5
55,18-353,BOS,0,1,1,0,2,3
56,18-358,WIN,0,0,0,-2,0,2
57,18-361,EDM,2,0,2,1,0,3
58,18-364,NYI,0,1,1,1,0,0
59,19-001,NYI,1,1,2,0,0,1
60,19-004,BUF,1,0,1,0,0,3
61,19-006,TOR,0,1,1,1,0,0
62,19-007,NJD,0,1,1,-1,0,2
63,19-009,WSH,1,0,1,-2,0,2
64,19-011,LAK,0,0,0,-2,0,0
65,19-012,VAN,0,0,0,-1,0,2
66,19-014,CGY,0,1,1,-3,2,2
67,19-018,VAN,0,0,0,0,2,2
68,19-020,LAK,0,0,0,0,0,3
69,19-022,HAR,1,0,1,1,0,3
70,19-023,NYI,0,1,1,1,0,1
71,19-025,MTL,0,1,1,0,0,2
72,19-029,QUE,1,1,2,2,0,2
73,19-030,NYR,0,0,0,0,2,0
74,19-032,NJD,1,0,1,1,0,1
75,19-034,NYR,0,1,1,1,0,4
76,19-036,CHI,0,0,0,0,0,2
77,19-039,PHI,0,0,0,0,2,2
78,19-040,DET,2,0,2,2,0,3
79,19-043,PHI,1,1,2,1,0,4
80,19-044,NYR,0,1,1,-1,4,4
81,19-231,BUF,0,3,3,1,0,5
82,19-233,PHI,0,0,0,0,0,3
83,19-237,PHI,0,1,1,1,0,4
84,19-239,NJD,0,0,0,-1,0,1
85,19-242,NYI,1,1,2,3,0,5
86,19-244,NYI,1,1,2,1,0,2
87,19-246,NYR,1,1,2,-3,0,4
88,19-249,CHI,0,1,1,1,0,4
89,19-251,NJD,0,0,0,-1,0,4
90,19-253,MTL,0,0,0,0,0,2
91,19-256,WSH,0,0,0,-2,0,1
92,19-258,MNS,1,1,2,2,0,5
93,19-260,HAR,0,0,0,-1,0,1
94,19-263,BOS,1,0,1,1,0,4
95,19-266,WIN,0,0,0,0,0,1
96,19-267,MNS,0,1,1,0,2,2
97,19-269,NYR,0,0,0,0,0,1
98,19-271,EDM,1,2,3,5,0,5
99,19-273,WSH,0,1,1,-2,0,2
100,19-276,QUE,1,1,2,2,0,3
101,19-278,PHI,1,2,3,2,2,3
102,19-281,NYI,0,0,0,-1,0,3
103,19-285,NJD,0,0,0,0,2,2
104,19-287,PHI,1,3,4,5,0,2
105,19-288,PHI,0,2,2,2,0,1
106,19-291,EDM,0,0,0,-3,0,0
107,19-293,SJS,0,0,0,1,0,3
108,19-295,STL,0,0,0,-1,0,3
109,19-298,NYR,0,0,0,-2,0,1
110,19-301,NJD,0,0,0,0,0,3
111,19-302,WSH,1,0,1,-1,2,4
112,19-305,SJS,0,2,2,1,0,3
113,19-307,BOS,2,0,2,1,0,4
114,19-309,NYR,1,0,1,0,0,6
115,19-311,NYI,0,0,0,-2,0,3
116,19-314,TOR,2,0,2,2,0,5
117,19-316,WSH,0,2,2,2,0,2
118,19-317,NYR,2,1,3,2,0,5
119,19-319,NJD,1,0,1,0,0,6
120,19-321,NJD,0,0,0,0,0,0
121,19-323,WIN,0,1,1,0,2,4
122,19-326,LAK,0,0,0,0,0,3
123,19-329,CGY,2,0,2,0,0,4
124,19-331,VAN,1,0,1,-1,0,2
125,19-335,DET,0,0,0,0,0,1
126,19-342,BUF,0,0,0,-1,2,1
127,19-344,NYI,1,1,2,1,0,1
128,19-345,WSH,1,0,1,1,12,4
129,20-005,QUE,1,1,2,2,0,4
130,20-007,MTL,0,0,0,0,0,2
131,20-010,WSH,0,0,0,-1,0,2
132,20-012,HAR,1,0,1,-2,0,2
133,20-014,BUF,1,1,2,1,2,2
134,20-017,CGY,1,0,1,0,0,6
135,20-020,SJS,0,0,0,1,2,4
136,20-021,LAK,0,0,0,-2,4,4
137,20-024,CGY,0,1,1,1,2,1
138,20-026,NYI,1,0,1,-1,0,5
139,20-028,TOR,0,1,1,-2,0,3
140,20-029,CHI,0,1,1,0,0,0
141,20-031,EDM,0,2,2,-1,0,1
142,20-033,QUE,2,0,2,0,0,5
143,20-036,HAR,0,0,0,-1,0,3
144,20-038,DET,0,0,0,0,0,4
145,20-040,VAN,0,1,1,1,0,0
146,20-042,MTL,0,1,1,1,0,1
147,20-045,PHI,0,0,0,-1,0,0
148,20-058,NJD,0,0,0,-1,0,0
149,20-060,WSH,2,0,2,2,0,4
150,20-061,NYR,0,0,0,0,0,3
151,20-234,PHI,0,0,0,-1,0,4
152,20-236,NYI,1,2,3,2,4,3
153,20-238,MTL,0,0,0,-1,0,4
154,20-241,BUF,1,2,3,1,0,5
155,20-243,MTL,1,1,2,1,0,5
156,20-245,HAR,0,3,3,2,2,5
157,20-248,VAN,1,1,2,2,0,4
158,20-250,DET,1,3,4,2,0,4
159,20-252,NJD,1,0,1,1,0,1
160,20-255,OTT,0,0,0,-1,0,2
161,20-257,STL,0,0,0,-1,0,1
162,20-260,TBL,0,2,2,1,2,3
163,20-262,NYI,0,0,0,1,0,1
164,20-264,STL,1,0,1,1,0,6
165,20-266,TOR,0,0,0,-1,0,10
166,20-267,CHI,1,0,1,-2,0,4
167,20-269,MNS,0,0,0,0,0,2
168,20-271,QUE,0,0,0,-1,0,2
169,20-272,DET,0,0,0,-2,0,2
170,20-276,BUF,0,1,1,-1,0,4
171,20-279,NJD,0,0,0,1,2,6
172,20-280,NJD,1,0,1,1,0,2
173,20-282,NYR,0,0,0,0,2,2
174,20-284,NYR,0,1,1,1,0,0
175,20-286,WSH,0,0,0,-4,2,2
176,20-287,WSH,0,2,2,2,0,0
177,20-290,NYI,1,1,2,2,0,2
178,20-292,LAK,0,0,0,-1,0,5
179,20-294,SJS,1,1,2,2,0,5
180,20-297,WIN,1,2,3,3,2,3
181,20-300,NJD,0,0,0,-1,2,2
182,20-301,NJD,0,1,1,1,0,1
183,20-304,PHI,0,1,1,0,0,3
184,20-306,PHI,2,0,2,1,2,4
185,20-308,NYI,2,0,2,1,2,3
186,20-310,QUE,1,1,2,1,0,4
187,20-312,PHI,0,1,1,2,0,3
188,20-316,BUF,1,0,1,-1,2,2
189,20-320,TOR,0,0,0,-1,0,3
190,20-322,NYR,0,1,1,-1,0,4
191,20-325,BOS,1,2,3,2,0,1
192,20-327,MNS,0,0,0,-1,0,7
193,20-329,CGY,0,0,0,1,0,3
194,20-330,WIN,0,0,0,-1,0,1
195,20-334,BOS,0,0,0,-2,2,3
196,20-336,OTT,0,2,2,2,0,3
197,20-339,VAN,0,2,2,2,4,3
198,20-342,EDM,0,0,0,0,0,4
199,20-343,CGY,1,1,2,2,0,2
200,20-346,WSH,0,2,2,2,0,3
201,20-348,NYI,0,0,0,-1,0,0
202,20-350,PHI,1,1,2,1,0,3
203,20-351,WSH,0,0,0,0,0,1
204,20-359,BOS,0,3,3,3,0,5
205,20-361,NYR,0,2,2,1,0,3
206,20-364,CHI,0,0,0,1,2,1
207,20-365,BUF,1,0,1,-2,0,5
208,21-003,EDM,0,1,1,0,0,4
209,21-005,NYI,1,0,1,0,0,2
210,21-006,HAR,0,1,1,1,0,3
211,21-008,NJD,1,0,1,0,0,3
212,21-015,PHI,0,0,0,-1,15,1
213,21-018,NYR,0,0,0,-3,0,1
214,21-022,BOS,0,0,0,0,2,1
215,21-024,LAK,2,0,2,1,0,6
216,21-027,NYI,0,0,0,1,0,1
217,21-031,WSH,1,1,2,3,0,5
218,21-033,PHI,1,2,3,1,0,4
219,21-034,EDM,1,0,1,1,0,4
220,21-036,SJS,1,2,3,2,0,3
221,21-038,NJD,1,0,1,-1,0,1
222,21-040,BOS,1,1,2,2,2,3
223,21-041,WSH,0,0,0,-1,0,2
224,21-043,OTT,0,1,1,1,0,4
225,21-045,HAR,0,2,2,2,2,4
226,21-047,QUE,0,0,0,-2,0,2
227,21-048,NJD,1,1,2,1,4,2
228,21-051,MTL,0,1,1,-1,0,6
229,21-053,NYR,1,1,2,0,0,2
230,21-054,NYR,0,2,2,2,2,1
231,21-058,NJD,0,2,2,-1,2,1
232,21-232,PHI,0,1,1,-1,0,1
233,21-234,MTL,0,0,0,0,0,4
234,21-236,NYR,0,2,2,1,0,7
235,21-237,QUE,1,1,2,-1,2,5
236,21-239,FLA,0,1,1,1,2,3
237,21-241,TBL,1,0,1,2,0,2
238,21-243,HAR,0,2,2,1,2,3
239,21-246,NYI,0,1,1,0,0,3
240,21-249,BUF,2,1,3,3,0,3
241,21-250,STL,0,0,0,-1,0,1
242,21-255,QUE,0,0,0,-1,0,6
243,21-257,CHI,2,1,3,2,0,3
244,21-260,SJS,0,0,0,0,0,1
245,21-261,BUF,2,2,4,4,0,8
246,21-264,LAK,0,1,1,-3,0,1
247,21-265,MDA,1,1,2,0,0,3
248,21-267,STL,0,1,1,2,15,0
249,21-269,CHI,0,0,0,0,2,2
250,21-271,DET,0,1,1,-2,0,3
251,21-274,PHI,1,5,6,3,0,3
252,21-276,WSH,0,1,1,2,0,5
253,21-278,MTL,0,0,0,-1,0,2
254,21-282,BOS,1,0,1,-1,0,4
255,21-284,WSH,0,0,0,0,0,3
256,21-285,OTT,1,1,2,0,0,12
257,21-290,NJD,1,0,1,0,0,3
258,21-292,HAR,1,3,4,0,2,4
259,21-296,DAL,0,1,1,1,0,4
260,21-299,TBL,0,0,0,1,0,2
261,21-302,LAK,0,0,0,0,0,5
262,21-304,BUF,0,0,0,1,4,2
263,21-307,NYI,1,1,2,-3,0,5
264,21-309,TBL,0,1,1,2,2,3
265,21-311,BOS,0,0,0,2,2,5
266,21-314,WSH,0,0,0,-2,0,4
267,21-316,PHI,0,2,2,-1,0,7
268,21-319,QUE,0,0,0,-1,0,5
269,21-321,HAR,0,2,2,-2,2,4
270,21-322,OTT,1,0,1,3,0,2
271,21-326,BUF,0,2,2,2,0,2
272,21-327,CGY,0,0,0,0,0,2
273,21-330,BOS,0,2,2,-3,2,1
274,21-332,FLA,0,1,1,0,2,11
275,21-334,EDM,1,0,1,0,0,1
276,21-337,QUE,1,1,2,-3,0,2
277,21-351,FLA,0,0,0,0,0,1
278,21-354,DET,0,1,1,0,0,5
279,21-355,NJD,1,1,2,0,0,3
280,21-357,MTL,0,0,0,-1,0,3
281,21-360,NYI,1,0,1,0,0,4
282,21-362,DAL,0,0,0,-1,0,4
283,21-363,PHI,0,0,0,0,2,4
284,22-000,WIN,1,0,1,1,0,7
285,22-002,HAR,0,0,0,-3,0,6
286,22-004,MTL,1,0,1,0,0,4
287,22-006,NYR,1,1,2,0,0,3
288,22-009,MDA,0,1,1,-1,0,3
289,22-011,BUF,2,0,2,1,0,6
290,22-013,FLA,0,0,0,-1,0,4
291,22-017,BUF,1,0,1,-1,2,5
292,22-019,WIN,0,0,0,0,0,2
293,22-021,BOS,0,2,2,2,0,4
294,22-023,TOR,0,1,1,1,2,5
295,22-025,NYR,1,1,2,2,2,3
296,22-026,HAR,1,0,1,1,0,3
297,22-028,WSH,0,3,3,0,0,1
298,22-030,BOS,1,1,2,2,2,1
299,22-032,VAN,0,2,2,2,2,3
300,22-033,NYI,0,2,2,1,0,1
301,22-035,SJS,0,1,1,1,0,5
302,22-037,OTT,0,0,0,1,0,7
303,22-039,CGY,0,2,2,-2,0,6
304,22-040,EDM,0,1,1,-1,2,9
305,22-043,VAN,0,1,1,0,2,4
306,22-047,BOS,0,2,2,2,0,1
307,22-048,TBL,1,0,1,1,0,4
308,22-050,NJD,0,1,1,1,0,2
309,22-052,NJD,1,1,2,0,0,7
310,22-053,MTL,1,0,1,-1,2,3
311,22-055,OTT,0,3,3,1,4,3
312,22-339,TBL,1,1,2,2,0,4
313,22-342,FLA,1,0,1,1,0,5
314,22-344,NYR,1,0,1,1,0,4
315,22-346,OTT,1,1,2,0,0,4
316,22-348,WSH,1,2,3,2,0,4
317,22-351,NYR,0,0,0,1,0,6
318,22-354,TBL,1,0,1,0,0,4
319,22-355,NJD,1,2,3,0,2,8
320,22-357,FLA,0,1,1,0,2,3
321,22-359,NYI,1,3,4,4,0,3
322,22-361,MTL,2,0,2,1,0,8
323,22-364,BOS,3,1,4,3,0,7
324,23-001,HAR,0,4,4,2,4,4
325,23-003,HAR,0,0,0,-1,0,7
326,23-004,BUF,0,0,0,0,0,5
327,23-006,QUE,1,1,2,-2,2,5
328,23-009,TBL,0,0,0,-1,0,3
329,23-010,NYI,0,0,0,-1,2,2
330,23-012,QUE,1,1,2,2,2,2
331,23-015,BUF,1,0,1,-1,0,4
332,23-017,BOS,0,0,0,-1,0,3
333,23-018,PHI,0,0,0,-1,0,1
334,23-020,QUE,0,0,0,0,0,3
335,23-022,NYI,0,0,0,-2,0,4
336,23-024,BUF,0,3,3,0,0,1
337,23-026,MTL,1,0,1,1,0,4
338,23-028,MTL,2,0,2,1,0,2
339,23-029,QUE,1,1,2,2,0,7
340,23-032,OTT,2,0,2,2,0,4
341,23-034,BUF,0,1,1,0,2,1
342,23-037,NJD,1,1,2,0,0,5
343,23-039,FLA,0,0,0,0,0,2
344,23-041,NYI,2,0,2,1,17,7
345,23-045,PHI,0,2,2,1,0,8
346,23-049,HAR,1,1,2,0,0,2
347,23-052,MTL,0,0,0,-1,0,3
348,23-054,OTT,0,1,1,0,2,0
349,23-055,WSH,1,2,3,1,0,6
350,23-059,OTT,1,0,1,-1,0,7
351,23-060,PHI,0,0,0,0,0,1
352,23-062,NYR,0,4,4,3,0,2
353,23-066,WSH,0,0,0,0,0,1
354,23-067,HAR,0,1,1,1,0,2
355,23-070,NJD,0,1,1,1,0,4
356,23-072,BOS,0,2,2,2,0,2
357,23-074,BOS,2,0,2,0,0,4
358,23-076,WSH,2,0,2,0,2,10
359,23-077,FLA,0,1,1,0,0,4
360,23-234,TOR,1,2,3,1,2,5
361,23-236,COL,2,3,5,2,0,4
362,23-239,CHI,0,0,0,-2,0,8
363,23-241,MDA,2,0,2,0,0,7
364,23-247,HAR,0,1,1,1,0,1
365,23-248,LAK,1,0,1,-1,0,7
366,23-253,NYI,1,2,3,-2,0,3
367,23-255,NJD,0,2,2,0,0,6
368,23-259,TBL,2,1,3,2,0,6
369,23-261,BUF,1,0,1,-2,0,4
370,23-262,PHI,1,2,3,2,2,5
371,23-266,OTT,2,2,4,2,2,6
372,23-268,SJS,2,2,4,3,2,7
373,23-269,LAK,0,1,1,1,2,9
374,23-272,DAL,0,0,0,-1,0,4
375,23-275,WSH,1,0,1,0,0,7
376,23-276,WSH,0,3,3,2,0,4
377,23-279,NYR,1,2,3,3,0,7
378,23-280,NYR,0,1,1,-1,6,6
379,23-283,BUF,0,1,1,1,4,3
380,23-286,OTT,2,1,3,2,0,9
381,23-288,BOS,1,1,2,0,0,7
382,23-289,FLA,2,0,2,1,0,7
383,23-291,TBL,1,1,2,0,0,1
384,23-293,NYI,1,0,1,0,0,7
385,23-295,MTL,0,3,3,2,2,4
386,23-297,HAR,1,3,4,3,2,7
387,23-301,MDA,0,0,0,-4,2,7
388,23-303,DAL,1,1,2,1,6,6
389,23-305,PHI,1,2,3,2,0,8
390,23-307,CGY,1,2,3,2,0,4
391,23-310,MTL,1,0,1,-2,2,4
392,23-311,MTL,0,0,0,0,0,7
393,23-314,BUF,1,3,4,2,0,5
394,23-316,HAR,2,2,4,-1,4,9
395,23-318,FLA,1,2,3,0,2,5
396,23-320,WSH,1,0,1,-3,0,5
397,23-322,OTT,1,0,1,0,4,2
398,23-324,DET,0,1,1,0,0,5
399,23-325,STL,0,0,0,0,0,4
400,23-327,VAN,0,2,2,1,0,4
401,23-331,MTL,1,2,3,0,0,7
402,23-332,SJS,1,0,1,-1,0,5
403,23-335,COL,0,0,0,-2,0,3
404,23-336,BUF,1,0,1,1,0,6
405,23-341,BOS,2,2,4,2,2,8
406,23-343,OTT,0,1,1,0,6,5
407,23-346,PHI,0,2,2,1,0,4
408,23-348,FLA,1,0,1,0,0,9
409,23-350,TBL,0,0,0,-1,0,1
410,23-353,DET,0,0,0,-1,0,2
411,23-356,BOS,1,2,3,1,0,5
412,23-357,NJD,1,0,1,1,0,2
413,23-360,CHI,2,0,2,1,2,8
414,23-362,TOR,0,0,0,0,2,4
415,24-001,WIN,1,0,1,1,2,5
416,24-003,NYR,2,0,2,1,2,4
417,24-006,BUF,0,2,2,-1,8,6
418,24-008,HAR,2,0,2,0,0,6
419,24-009,MTL,2,0,2,-1,0,5
420,24-012,VAN,2,2,4,2,0,5
421,24-014,CGY,0,3,3,0,0,4
422,24-015,EDM,1,2,3,2,2,2
423,24-019,WIN,0,4,4,3,2,2
424,24-021,OTT,0,2,2,2,0,5
425,24-023,NJD,0,2,2,0,6,2
426,24-027,HAR,0,0,0,-1,0,5
427,24-028,BOS,1,0,1,1,2,6
428,24-030,NYI,0,0,0,0,2,5
429,24-035,EDM,0,2,2,1,0,4
430,24-037,BUF,1,1,2,0,0,6
431,24-038,NYR,2,1,3,4,0,3
432,24-040,STL,0,1,1,-1,2,5
433,24-042,FLA,1,0,1,-1,0,2
434,24-044,NJD,0,1,1,0,0,3
435,24-045,PHI,0,0,0,1,2,3
436,24-049,WSH,0,0,0,0,2,1
437,24-051,TBL,1,0,1,1,0,6
438,24-053,HAR,1,1,2,1,0,4
439,24-055,NYI,0,1,1,-2,4,1
440,24-056,OTT,0,2,2,1,2,4
441,24-059,BOS,0,2,2,-2,2,4
442,24-233,TBL,0,0,0,0,0,3
443,24-236,HAR,0,0,0,-2,0,3
444,24-239,OTT,1,0,1,1,0,6
445,24-240,OTT,1,0,1,-1,4,7
446,24-244,NYR,0,0,0,-3,0,1
447,24-245,BUF,1,0,1,0,0,7
448,24-247,WSH,1,0,1,0,0,2
449,24-250,EDM,0,1,1,-2,2,5
450,24-252,CGY,1,0,1,0,0,4
451,24-254,VAN,1,0,1,0,0,5
452,24-260,WSH,1,0,1,-1,2,5
453,24-261,OTT,3,1,4,4,0,4
454,24-265,EDM,1,0,1,0,0,3
455,24-267,TBL,2,1,3,0,4,6
456,24-268,FLA,0,0,0,-2,0,5
457,24-271,BUF,2,1,3,3,0,5
458,24-273,BOS,0,0,0,-1,0,2
459,24-275,NYR,0,2,2,0,0,2
460,24-278,STL,0,1,1,0,0,1
461,24-280,PHI,1,0,1,0,0,4
462,24-281,HAR,2,0,2,2,2,7
463,24-286,MTL,1,0,1,0,0,5
464,24-289,BOS,3,1,4,4,0,3
465,24-292,HAR,1,0,1,0,0,8
466,24-293,OTT,1,1,2,2,2,4
467,24-295,WSH,2,1,3,1,12,4
468,24-296,MDA,1,1,2,1,0,6
469,24-299,LAK,2,0,2,0,0,3
470,24-300,MDA,0,2,2,2,0,3
471,24-302,SJS,1,0,1,1,2,3
472,24-304,CHI,0,0,0,-1,2,2
473,24-306,BOS,0,2,2,-2,0,4
474,24-308,STL,0,4,4,3,0,4
475,24-310,SJS,0,1,1,3,0,3
476,24-312,TOR,2,3,5,0,2,7
477,24-315,MTL,1,0,1,-1,0,3
478,24-317,BUF,0,0,0,0,0,1
479,24-319,WSH,0,1,1,0,0,5
480,24-322,NJD,1,2,3,3,0,2
481,24-324,TBL,1,1,2,3,2,1
482,24-327,NYI,1,2,3,2,0,3
483,24-330,NYI,2,1,3,3,0,5
484,24-334,DAL,2,0,2,2,0,5
485,24-335,HAR,1,1,2,2,0,3
486,24-341,CGY,0,1,1,2,0,3
487,24-343,COL,0,1,1,0,0,5
488,24-345,NYR,0,0,0,-1,0,3
489,24-346,MTL,0,1,1,1,2,3
490,24-349,BUF,1,0,1,-2,0,2
491,24-352,PHX,0,0,0,2,2,4
492,24-355,VAN,1,2,3,1,0,1
493,24-356,MTL,1,2,3,-2,0,5
494,24-359,DET,0,3,3,-1,0,5
495,24-363,NYI,0,1,1,-3,0,3
496,25-000,PHI,0,0,0,-3,0,1
497,25-001,PHI,1,0,1,0,0,2
498,25-012,DET,0,0,0,0,0,1
499,25-042,LAK,0,2,2,2,0,5
500,25-044,FLA,1,1,2,1,0,4
501,25-047,HAR,1,2,3,-1,0,5
502,25-049,OTT,0,1,1,0,0,4
503,25-052,BOS,0,0,0,0,0,1
504,25-054,TBL,0,0,0,0,0,3
505,25-228,LAK,0,3,3,1,0,5
506,25-230,CAR,0,1,1,1,4,4
507,25-231,FLA,1,0,1,-3,0,4
508,25-235,MTL,0,0,0,-1,0,5
509,25-236,PHI,0,0,0,-1,4,2
510,25-238,CAR,1,1,2,1,0,4
511,25-241,NYR,0,0,0,1,0,2
512,25-242,MTL,0,0,0,-1,0,2
513,25-244,TBL,1,1,2,2,0,4
514,25-246,FLA,1,1,2,1,0,2
515,25-249,SJS,1,2,3,2,0,4
516,25-251,EDM,0,2,2,1,0,4
517,25-252,VAN,0,0,0,-1,0,5
518,25-255,CGY,0,0,0,0,0,3
519,25-259,VAN,0,3,3,-1,0,4
520,25-260,CHI,0,0,0,1,2,3
521,25-263,DAL,2,0,2,0,2,6
522,25-265,DET,0,0,0,-1,2,0
523,25-266,BUF,0,0,0,0,0,1
524,25-270,WSH,0,0,0,-2,0,4
525,25-280,NYR,1,0,1,2,0,3
526,25-282,BUF,1,1,2,1,2,6
527,25-284,CAR,0,0,0,-1,0,2
528,25-287,MTL,1,1,2,1,4,2
529,25-289,MTL,1,0,1,1,0,3
530,25-292,NJD,0,0,0,-3,2,1
531,25-294,MDA,2,1,3,3,2,6
532,25-297,LAK,0,2,2,-1,0,4
533,25-298,MDA,2,0,2,1,0,7
534,25-300,PHX,0,1,1,-1,0,1
535,25-304,TBL,1,0,1,-1,2,4
536,25-307,COL,0,2,2,2,0,1
537,25-308,STL,0,1,1,-1,0,3
538,25-314,WSH,2,1,3,2,0,7
539,25-315,MTL,0,0,0,0,0,0
540,25-317,NYI,1,3,4,2,0,5
541,25-319,CAR,0,1,1,0,0,4
542,25-322,COL,1,0,1,1,0,5
543,25-325,NYI,0,1,1,0,0,3
544,25-326,NJD,0,0,0,-2,0,4
545,25-329,NJD,0,3,3,1,2,4
546,25-331,CAR,1,2,3,2,2,2
547,25-333,BOS,0,1,1,-1,0,2
548,25-339,OTT,0,0,0,0,2,2
549,25-341,NJD,1,1,2,1,0,1
550,25-343,BOS,0,2,2,1,0,3
551,25-345,STL,0,0,0,-1,0,1
552,25-347,WSH,0,1,1,0,0,2
553,25-348,BOS,0,1,1,1,2,5
554,25-350,DET,0,1,1,1,4,1
555,25-352,NYI,1,1,2,0,0,4
556,25-354,WSH,1,0,1,-1,0,7
557,25-356,BUF,1,0,1,1,0,3
558,25-357,OTT,0,0,0,0,2,2
559,26-010,MTL,2,2,4,4,0,5
560,26-013,BOS,0,0,0,0,2,0
561,26-015,TOR,0,1,1,-1,0,4
562,26-018,CHI,0,2,2,1,2,8
563,26-020,PHI,1,3,4,3,0,6
564,26-021,PHI,1,1,2,1,0,3
565,26-024,CGY,1,2,3,2,0,5
566,26-027,BUF,0,2,2,1,4,4
567,26-028,BUF,0,0,0,-2,2,1
568,26-031,EDM,1,1,2,3,2,5
569,26-034,PHI,1,1,2,-2,0,2
570,26-035,DAL,0,0,0,0,2,3
571,26-039,NYI,0,1,1,1,2,4
572,26-041,NYR,0,1,1,1,2,5
573,26-042,OTT,0,0,0,0,0,2
574,26-045,SJS,0,1,1,-1,0,3
575,26-048,TBL,1,2,3,-1,2,6
576,26-049,FLA,0,1,1,-3,0,5
577,26-051,PHX,0,0,0,0,2,4
578,26-053,OTT,0,0,0,-3,0,0
579,26-055,FLA,0,1,1,-1,0,3
580,26-059,TBL,1,2,3,2,0,4
581,26-062,BOS,1,1,2,1,2,2
582,26-237,NYI,1,1,2,1,4,6
583,26-241,NJD,0,2,2,1,0,3
584,26-244,NYR,0,3,3,2,2,3
585,26-248,TBL,0,0,0,-1,0,2
586,26-251,TOR,0,2,2,0,0,5
587,26-253,TOR,1,1,2,0,2,3
588,26-255,CGY,0,3,3,0,4,3
589,26-257,VAN,1,0,1,-1,0,6
590,26-258,EDM,0,0,0,-1,0,4
591,26-261,PHI,1,1,2,1,0,4
592,26-263,OTT,1,1,2,1,0,3
593,26-265,BOS,0,0,0,0,0,4
594,26-268,NYI,0,0,0,2,2,5
595,26-271,NJD,0,1,1,-1,2,0
596,26-272,FLA,0,1,1,0,6,2
597,26-275,PHI,0,0,0,-1,0,8
598,26-277,TBL,0,2,2,4,0,0
599,26-279,TBL,0,2,2,1,0,6
600,26-283,WSH,0,3,3,-2,0,1
601,26-285,NYR,0,0,0,0,0,7
602,26-286,MTL,0,1,1,-1,2,1
603,26-289,MDA,2,2,4,3,2,8
604,26-292,CAR,0,1,1,0,2,5
605,26-293,BOS,1,0,1,1,0,5
606,26-300,STL,1,1,2,0,0,3
607,26-303,TBL,0,0,0,1,0,7
608,26-304,FLA,0,0,0,-1,0,9
609,26-307,WSH,1,0,1,1,0,4
610,26-309,TOR,0,0,0,-3,0,2
611,26-310,LAK,0,0,0,-1,0,4
612,26-314,OTT,1,0,1,1,2,1
613,26-318,FLA,1,1,2,1,2,5
614,26-321,FLA,1,1,2,0,0,4
615,26-324,CGY,1,2,3,3,2,4
616,26-326,CAR,0,3,3,1,0,2
617,26-328,STL,0,1,1,0,0,1
618,26-332,PHX,1,1,2,-2,0,5
619,26-334,SJS,1,0,1,-2,0,2
620,26-335,LAK,1,0,1,1,0,3
621,26-337,MDA,0,1,1,0,0,3
622,26-340,NYI,0,2,2,-3,0,7
623,26-345,CAR,0,2,2,1,0,7
624,26-347,TOR,1,3,4,4,2,3
625,26-349,BOS,0,0,0,-2,2,4
626,26-350,MTL,2,2,4,3,0,5
627,26-352,BUF,1,4,5,1,2,5
628,26-355,FLA,2,1,3,3,0,5
629,26-357,DET,0,0,0,1,0,2
630,26-359,MTL,1,1,2,2,2,7
631,26-361,VAN,2,1,3,0,2,10
632,26-363,NSH,0,1,1,1,4,5
633,27-000,WSH,1,3,4,0,0,1
634,27-002,NYI,0,1,1,0,0,4
635,27-004,NYR,0,1,1,-1,0,6
636,27-006,PHI,0,0,0,-1,2,6
637,27-007,PHX,0,0,0,-1,0,3
638,27-010,COL,1,0,1,1,0,7
639,27-011,DAL,0,1,1,-3,0,4
640,27-013,WSH,0,1,1,0,2,5
641,27-016,MTL,1,3,4,1,2,5
642,27-018,EDM,0,1,1,0,0,6
643,27-020,COL,0,0,0,-1,2,4
644,27-022,NJD,2,0,2,0,0,6
645,27-023,CAR,0,1,1,0,0,4
646,27-026,PHI,1,3,4,3,0,4
647,27-029,DAL,1,1,2,2,0,2
648,27-030,TBL,0,1,1,1,0,2
649,27-033,NSH,0,1,1,0,2,5
650,27-034,NYR,0,1,1,1,0,6
651,27-036,CHI,1,2,3,1,0,6
652,27-038,NJD,0,1,1,-2,0,3
653,27-040,BUF,0,0,0,0,0,5
654,27-041,BUF,2,1,3,-1,0,5
655,27-043,OTT,1,2,3,0,0,4
656,27-045,OTT,2,1,3,0,0,4
657,27-047,NJD,1,1,2,0,0,2
658,27-049,BUF,0,0,0,-2,0,5
659,27-055,DET,0,1,1,2,2,2
660,27-059,BOS,1,0,1,0,2,4
661,27-061,NYI,2,0,2,-4,0,7
662,27-062,NYR,1,0,1,1,4,3
663,27-228,DAL,0,1,1,0,0,1
664,27-234,NJD,1,2,3,0,0,8
665,27-235,COL,1,1,2,-1,2,10
666,27-241,NYR,1,1,2,2,0,1
667,27-243,CHI,2,1,3,2,0,8
668,27-250,CAR,1,1,2,-1,0,5
669,27-254,MDA,1,0,1,0,0,8
670,27-255,LAK,1,2,3,1,0,7
671,27-257,SJS,0,1,1,0,0,6
672,27-260,LAK,2,2,4,2,2,7
673,27-262,OTT,0,1,1,-1,0,4
674,27-264,TBL,1,0,1,0,0,4
675,27-268,MTL,2,2,4,1,0,8
676,27-270,DET,1,1,2,-1,0,6
677,27-271,NSH,0,3,3,1,0,2
678,27-274,BUF,0,0,0,0,0,2
679,27-276,TBL,0,0,0,0,2,4
680,27-281,TOR,1,0,1,0,0,2
681,27-284,OTT,3,1,4,3,0,3
682,27-285,CAR,1,0,1,0,2,9
683,27-288,BUF,1,1,2,1,0,4
684,27-290,SJS,0,0,0,-3,0,6
685,27-292,TOR,0,0,0,-1,0,3
686,27-295,NJD,0,1,1,-1,0,4
687,27-297,WSH,0,1,1,1,0,5
688,27-299,PHX,2,1,3,1,0,4
689,27-302,BOS,0,1,1,1,0,3
690,27-303,CAR,2,3,5,5,0,5
691,27-306,FLA,1,0,1,-1,0,5
692,27-308,MTL,0,0,0,-3,2,4
693,27-309,NYI,0,2,2,2,0,7
694,27-311,TBL,0,1,1,0,0,4
695,27-314,CHI,2,0,2,2,2,4
696,27-317,WSH,1,0,1,0,0,3
697,27-318,NYI,3,4,7,3,0,9
698,27-321,DET,1,1,2,3,2,7
699,27-324,NJD,0,0,0,0,0,5
700,27-326,TOR,0,2,2,2,0,3
701,27-327,PHI,0,1,1,0,2,1
702,27-331,PHX,1,0,1,0,0,6
703,27-332,COL,0,1,1,-1,2,3
704,27-334,NSH,1,0,1,1,0,2
705,27-346,ATL,1,0,1,1,0,5
706,27-348,MDA,0,0,0,-1,2,2
707,27-350,ATL,1,1,2,0,10,6
708,27-351,WSH,0,2,2,2,0,3
709,27-353,NYI,0,1,1,-1,0,9
710,27-359,ATL,0,2,2,0,2,6
711,27-361,EDM,0,1,1,1,2,10
712,27-362,NYI,0,1,1,-3,4,7
713,27-364,VAN,1,0,1,1,0,2
714,28-001,BUF,0,0,0,0,0,4
715,28-004,FLA,0,0,0,0,4,6
716,28-006,TBL,0,0,0,0,2,0
717,28-033,NYR,0,3,3,2,0,3
718,28-035,NYI,2,1,3,2,0,5
719,28-038,ATL,0,1,1,1,2,9
720,28-040,PHI,0,0,0,0,0,0
721,28-046,PHI,0,0,0,0,0,3
722,28-048,CAR,0,0,0,0,0,0
723,28-050,TOR,2,1,3,0,0,3
724,28-052,BUF,1,0,1,0,0,4
725,28-054,BOS,0,0,0,0,4,1
726,28-234,NSH,0,1,1,-1,0,3
727,28-235,NSH,0,2,2,0,0,9
728,28-241,TBL,1,0,1,0,0,8
729,28-242,NYR,4,0,4,2,0,9
730,28-246,CAR,0,0,0,0,0,4
731,28-247,OTT,1,1,2,1,0,4
732,28-249,CBJ,1,0,1,1,0,4
733,28-253,OTT,1,0,1,-1,0,3
734,28-255,NYR,1,1,2,2,4,5
735,28-256,NJD,0,0,0,-1,2,1
736,28-260,SJS,0,1,1,-1,0,5
737,28-262,VAN,1,1,2,1,0,3
738,28-263,CGY,0,0,0,0,0,4
739,28-267,PHI,0,1,1,-1,0,7
740,28-269,NJD,0,0,0,0,0,3
741,28-270,EDM,1,1,2,1,0,2
742,28-272,COL,2,0,2,2,0,4
743,28-275,STL,0,2,2,0,0,2
744,28-277,ATL,0,1,1,0,0,3
745,28-281,CAR,0,0,0,-2,0,5
746,28-283,PHI,0,0,0,0,0,2
747,28-284,LAK,0,0,0,0,2,6
748,28-287,BOS,0,0,0,-1,2,2
749,28-290,BUF,0,2,2,2,2,1
750,28-291,BUF,1,1,2,1,2,5
751,28-294,OTT,0,0,0,0,0,7
752,28-295,BOS,0,0,0,-1,0,2
753,28-298,TOR,0,0,0,-2,0,3
754,28-299,DET,0,1,1,1,0,2
755,28-302,TOR,1,0,1,0,2,10
756,28-304,FLA,0,0,0,-1,0,6
757,28-305,MTL,3,0,3,2,2,5
758,28-309,FLA,0,0,0,-1,0,3
759,28-310,TBL,1,0,1,1,2,4
760,28-312,DAL,0,1,1,0,2,5
761,28-315,BUF,0,1,1,1,0,5
762,28-316,TOR,2,2,4,4,0,7
763,28-319,OTT,2,1,3,3,0,4
764,28-323,WSH,1,2,3,1,0,3
765,28-325,MTL,0,1,1,-1,0,4
766,28-328,WSH,0,0,0,1,2,1
767,28-329,BOS,0,2,2,1,0,2
768,28-332,NYI,0,1,1,-2,0,5
769,28-333,NYI,1,2,3,2,0,4
770,28-335,MDA,0,2,2,1,0,2
771,28-337,PHX,1,1,2,1,0,4
772,28-339,DAL,1,1,2,-2,4,2
773,28-341,CHI,0,1,1,1,0,1
774,28-344,MTL,0,2,2,2,0,3
775,28-347,ATL,1,2,3,2,0,7
776,28-350,ATL,1,1,2,1,0,3
777,28-351,PHI,0,1,1,-2,0,6
778,28-358,PHI,2,2,4,0,0,8
779,28-361,NJD,0,2,2,-2,0,1
780,28-362,MIN,0,1,1,-2,2,2
781,28-365,MIN,0,1,1,1,0,1
782,29-001,NJD,0,2,2,1,0,4
783,29-002,CBJ,0,0,0,-1,0,3
784,29-004,COL,0,0,0,-2,2,1
785,29-006,FLA,1,0,1,0,0,8
786,29-008,NYR,0,1,1,-1,0,1
787,29-010,NYI,0,1,1,2,0,3
788,29-013,MTL,1,1,2,1,0,5
789,29-015,NYR,2,2,4,2,0,5
790,29-016,WSH,1,2,3,0,4,3
791,29-020,WSH,0,1,1,1,0,4
792,29-021,ATL,2,1,3,0,0,5
793,29-023,CGY,3,2,5,2,0,6
794,29-025,NYR,1,1,2,1,0,4
795,29-027,NYI,0,0,0,-2,4,4
796,29-029,FLA,1,1,2,0,2,7
797,29-030,TBL,0,0,0,-1,0,2
798,29-033,BOS,0,1,1,0,0,3
799,29-036,CAR,0,1,1,-1,0,3
800,29-038,NJD,0,0,0,-1,0,0
801,29-040,BUF,1,1,2,1,0,3
802,29-042,CHI,2,2,4,3,0,7
803,29-044,STL,2,1,3,2,0,3
804,29-046,NYI,1,0,1,-2,0,2
805,29-048,TBL,2,0,2,-1,0,4
806,29-051,PHI,1,2,3,0,0,1
807,29-233,NJD,1,1,2,2,0,4
808,29-235,BOS,0,0,0,-1,0,4
809,29-237,NYR,0,2,2,0,0,2
810,29-246,MTL,1,0,1,0,0,5
811,29-247,PHI,1,0,1,1,0,1
812,29-250,TBL,0,0,0,0,0,1
813,29-251,FLA,1,0,1,1,0,4
814,29-253,ATL,0,0,0,0,0,3
815,29-257,PHI,0,0,0,-1,0,4
816,29-260,PHX,1,0,1,0,0,2
817,29-271,OTT,0,1,1,-5,0,3
818,29-273,PHI,0,0,0,-3,0,1
819,29-275,MDA,1,1,2,0,0,4
820,29-279,TBL,1,2,3,3,0,6
821,29-281,NYR,1,1,2,-1,0,6
822,29-282,MTL,1,1,2,-1,2,2
823,29-285,NYI,0,1,1,1,0,2
824,29-286,BUF,0,0,0,-3,0,2
825,29-288,CAR,0,2,2,3,0,2
826,29-290,CAR,0,2,2,2,0,2
827,29-292,NYR,0,1,1,1,0,7
828,29-294,ATL,0,0,0,-1,0,0
829,29-296,NJD,0,0,0,-1,0,1
830,29-299,PIT,0,1,1,-1,0,3
831,29-301,BOS,0,0,0,0,0,2
832,29-303,ATL,2,0,2,-1,2,5
833,29-307,FLA,0,0,0,-1,0,2
834,29-309,PIT,0,1,1,-2,2,2
835,29-310,PIT,1,0,1,2,0,4
836,29-314,PHI,0,0,0,-1,2,2
837,29-316,DAL,1,1,2,1,0,3
838,29-318,CAR,0,3,3,1,0,3
839,29-320,NYI,0,1,1,-1,0,1
840,29-322,OTT,1,0,1,0,0,3
841,29-324,BOS,0,1,1,-3,0,0
842,29-326,FLA,0,1,1,-1,2,6
843,29-328,CBJ,1,1,2,2,2,4
844,29-341,ATL,1,1,2,2,0,3
845,29-342,MTL,0,0,0,-2,2,2
846,29-345,NYR,0,1,1,-2,0,6
847,29-346,BUF,1,1,2,1,0,3
848,29-349,STL,0,0,0,0,0,1
849,29-356,MIN,0,1,1,0,0,1
850,29-358,NSH,1,2,3,2,2,3
851,29-359,TBL,0,0,0,-1,0,0
852,29-361,TBL,0,2,2,2,0,4
853,30-011,FLA,1,1,2,0,2,7
854,30-013,SJS,1,1,2,-2,0,5
855,30-015,OTT,2,0,2,2,0,4
856,30-017,TOR,1,1,2,1,0,4
857,30-019,CGY,0,0,0,0,2,6
858,30-021,CAR,1,0,1,0,0,7
859,30-023,EDM,0,0,0,0,0,0
860,30-025,DAL,0,0,0,-1,0,3
861,30-028,SJS,2,1,3,1,0,3
862,30-029,EDM,1,0,1,0,0,2
863,30-032,COL,0,1,1,0,0,0
864,30-034,TOR,2,2,4,4,2,2
865,30-036,CBJ,1,0,1,1,0,4
866,30-037,PIT,0,1,1,-4,2,1
867,30-039,BUF,0,1,1,1,2,1
868,30-042,NJD,0,0,0,0,2,3
869,30-043,NYI,0,2,2,1,0,3
870,30-047,TBL,0,0,0,1,0,3
871,30-049,OTT,0,0,0,0,2,2
872,30-050,NYI,1,1,2,0,0,4
873,30-053,CHI,0,1,1,2,0,1
874,30-056,BUF,0,1,1,0,0,1
875,30-057,NJD,0,1,1,-1,0,0
876,30-238,NSH,1,2,3,-1,4,3
877,30-239,NYI,1,0,1,1,0,2
878,30-244,CAR,1,0,1,0,0,5
879,30-246,PHI,0,0,0,-1,2,4
880,30-247,DAL,1,1,2,-1,0,4
881,30-250,NYR,1,1,2,1,0,3
882,30-252,TBL,1,0,1,2,0,8
883,30-253,FLA,0,0,0,1,0,7
884,30-255,PIT,0,0,0,-1,0,8
885,30-257,BOS,0,2,2,-1,0,8
886,30-259,TBL,0,1,1,1,0,7
887,30-260,PHI,1,0,1,-1,0,2
888,30-263,CBJ,0,0,0,0,2,4
889,30-265,FLA,1,1,2,1,0,7
890,30-267,PHI,1,0,1,0,0,2
891,30-271,DAL,0,1,1,0,0,5
892,30-273,CHI,1,1,2,2,0,4
893,30-274,MIN,0,0,0,0,0,2
894,30-277,SJS,0,1,1,0,4,8
895,30-279,MIN,0,1,1,-1,0,6
896,30-281,ATL,1,1,2,0,2,6
897,30-284,TOR,0,0,0,0,0,4
898,30-287,OTT,0,0,0,-2,0,3
899,30-289,ATL,1,0,1,0,0,3
900,30-291,PIT,1,0,1,2,0,3
901,30-294,ATL,1,1,2,0,0,6
902,30-295,BUF,1,0,1,0,0,4
903,30-299,MDA,0,0,0,-1,0,3
904,30-301,PHX,0,0,0,1,4,3
905,30-302,SJS,0,0,0,-1,0,10
906,30-304,COL,1,0,1,1,0,5
907,30-307,BOS,0,1,1,1,0,1
908,30-309,NYI,0,1,1,1,0,3
909,30-311,TBL,0,0,0,0,0,2
910,30-315,NJD,1,0,1,0,0,3
911,30-316,NJD,0,0,0,0,0,1
912,30-318,BUF,1,0,1,0,0,3
913,30-320,PHX,0,1,1,-2,0,2
914,30-322,CBJ,0,1,1,-2,2,4
915,30-323,NYR,0,0,0,-1,0,3
916,30-329,CAR,0,0,0,1,0,2
917,30-330,FLA,3,4,7,5,0,7
918,30-332,NYI,2,2,4,1,0,9
919,30-334,NYR,0,1,1,0,2,3
920,30-336,TOR,0,0,0,-3,2,4
921,30-337,OTT,0,0,0,0,0,1
922,30-339,BOS,0,0,0,0,0,4
923,30-341,CAR,2,1,3,0,0,6
924,30-344,MTL,0,0,0,0,0,3
925,30-345,NYR,1,2,3,-1,0,6
926,30-347,STL,1,0,1,-2,0,2
927,30-349,PIT,0,1,1,2,0,3
928,30-354,TBL,3,1,4,2,2,3
929,30-355,NJD,0,1,1,-2,0,4
930,30-357,NYI,0,1,1,1,2,1
931,30-359,MTL,0,0,0,-1,0,3
932,30-362,ATL,1,2,3,2,0,4
933,30-364,CAR,0,0,0,-1,0,8
934,31-000,FLA,0,0,0,0,0,2
935,31-002,TBL,0,1,1,0,2,5
936,31-005,TOR,1,0,1,0,0,5
937,31-007,DET,0,0,0,-3,0,1
938,31-009,MTL,1,0,1,0,0,2
939,31-011,BUF,1,0,1,1,0,6
940,31-014,NJD,0,0,0,0,2,3
941,31-015,CAR,0,0,0,0,2,5
942,31-017,BUF,0,0,0,0,2,2
943,31-019,ATL,2,1,3,2,0,3
944,31-021,BOS,0,1,1,1,0,2
945,31-038,MTL,0,1,1,2,0,0
946,31-041,OTT,0,0,0,0,0,2
947,31-042,TOR,0,0,0,-1,2,1
948,31-045,FLA,0,2,2,2,0,3
949,31-047,OTT,0,1,1,-1,0,3
950,31-049,PIT,0,0,0,-1,0,1
951,31-236,NYI,1,1,2,1,0,7
952,31-238,ATL,1,1,2,1,0,7
953,31-240,TOR,0,0,0,-1,0,1
954,31-241,MTL,0,0,0,-2,0,1
955,31-244,DAL,0,0,0,-1,0,0
956,31-245,STL,0,0,0,0,0,2
957,31-250,OTT,0,0,0,-1,0,3
958,31-252,TOR,1,0,1,-1,0,8
959,31-256,MDA,0,0,0,-1,0,1
960,31-258,ATL,0,0,0,0,0,4
961,31-259,MIN,0,0,0,0,0,2
962,31-262,TBL,1,1,2,0,4,3
963,31-264,PHI,0,0,0,1,2,0
964,31-266,SJS,0,2,2,1,2,5
965,31-268,LAK,0,1,1,0,0,1
966,31-270,CAR,0,2,2,1,0,2
967,31-272,TBL,1,0,1,0,0,7
968,31-273,CAR,0,1,1,0,0,2
969,31-278,BOS,1,1,2,-1,0,5
970,31-280,FLA,1,0,1,1,0,8
971,31-282,DET,1,2,3,1,0,6
972,31-284,BUF,0,1,1,1,0,1
973,31-286,MTL,0,1,1,0,0,6
974,31-287,CBJ,1,2,3,3,0,3
975,31-290,NYI,1,1,2,0,0,5
976,31-292,NJD,0,0,0,0,2,2
977,31-294,LAK,0,2,2,-2,0,8
978,31-296,COL,0,1,1,-2,0,3
979,31-299,BOS,1,1,2,-1,0,3
980,31-301,DET,1,0,1,-1,2,5
981,31-304,ATL,0,0,0,0,0,1
982,31-309,NYI,0,1,1,-1,0,2
983,31-311,MTL,1,1,2,0,2,3
984,31-315,BUF,0,0,0,-1,2,2
985,31-317,BOS,0,1,1,0,0,4
986,31-319,BUF,0,0,0,0,2,1
987,31-320,NJD,0,0,0,0,0,5
988,31-322,OTT,0,0,0,0,2,3
989,31-323,MTL,0,0,0,-1,0,6
990,31-326,PHX,0,0,0,-2,0,2
991,31-328,CAR,1,2,3,1,0,1
992,31-330,EDM,0,1,1,1,2,5
993,31-333,CGY,1,0,1,1,2,4
994,31-336,NJD,1,0,1,1,0,3
995,31-337,PIT,0,2,2,2,2,4
996,31-340,TOR,0,0,0,-2,0,2
997,31-343,OTT,0,0,0,-2,0,1
998,31-345,FLA,1,2,3,2,0,4
999,31-347,WSH,0,0,0,0,0,6
1000,31-349,BUF,0,0,0,-1,0,2
1001,31-350,BUF,0,0,0,-1,0,4
1002,31-352,VAN,1,1,2,1,0,2
1003,31-354,MIN,2,1,3,2,0,4
1004,31-361,NJD,0,1,1,0,0,0
1005,31-362,PHI,0,1,1,0,0,2
1006,32-004,NYI,1,1,2,2,2,2
1007,32-006,NJD,1,1,2,1,0,3
1008,32-008,MTL,1,0,1,0,0,6
1009,32-011,NYI,2,1,3,1,0,3
1010,32-013,NSH,0,0,0,0,0,3
1011,32-014,ATL,0,0,0,-1,0,1
1012,32-016,ATL,0,0,0,-1,0,4
1013,32-018,BOS,1,0,1,0,0,3
1014,32-019,WSH,0,1,1,-1,0,3
1015,32-021,PIT,1,0,1,-4,0,2
1016,32-023,ATL,0,1,1,2,0,4
1017,32-026,TBL,0,1,1,0,0,2
1018,32-027,FLA,0,0,0,0,0,10
1019,32-029,NJD,0,0,0,-1,0,0
1020,32-032,WSH,1,1,2,2,2,5
1021,32-034,PHI,0,0,0,-1,4,3
1022,32-035,PIT,0,0,0,0,2,7
1023,32-037,PIT,1,0,1,1,0,7
1024,32-039,NSH,1,0,1,-1,0,1
1025,32-041,PHI,1,1,2,1,0,2
1026,32-044,NJD,0,0,0,0,2,2
1027,32-045,BUF,0,0,0,-2,0,0
1028,33-232,PHI,2,1,3,2,4,5
1029,33-233,MTL,0,1,1,0,0,3
1030,33-235,NJD,0,0,0,0,0,4
1031,33-237,WSH,1,0,1,0,0,9
1032,33-240,NJD,1,0,1,0,4,5
1033,33-242,ATL,0,2,2,1,0,3
1034,33-244,FLA,2,0,2,0,4,4
1035,33-246,NYI,1,0,1,1,0,9
1036,33-247,NYI,3,0,3,-1,0,4
1037,33-249,BUF,0,1,1,1,2,6
1038,33-254,NYI,0,2,2,0,0,4
1039,33-256,MTL,1,0,1,0,0,2
1040,33-258,MTL,1,0,1,-2,0,6
1041,33-261,NJD,2,1,3,2,0,5
1042,33-263,NJD,0,1,1,0,0,10
1043,33-265,PIT,0,0,0,-2,0,8
1044,33-267,FLA,0,2,2,1,2,2
1045,33-268,TBL,0,0,0,-1,0,1
1046,33-270,PIT,3,0,3,2,2,9
1047,33-273,TOR,1,0,1,1,0,6
1048,33-275,CAR,0,0,0,-3,0,4
1049,33-277,CAR,0,3,3,-1,0,3
1050,33-278,BOS,1,2,3,2,0,5
1051,33-280,BUF,1,1,2,1,2,8
1052,33-282,ATL,1,1,2,2,2,4
1053,33-284,WSH,0,0,0,-1,2,3
1054,33-289,PIT,0,1,1,1,2,3
1055,33-291,WSH,0,1,1,-2,0,5
1056,33-293,MIN,0,2,2,0,0,5
1057,33-295,CHI,0,0,0,0,0,4
1058,33-296,NSH,1,2,3,3,0,2
1059,33-298,STL,1,3,4,2,0,6
1060,33-301,VAN,0,0,0,-2,2,2
1061,33-306,COL,0,1,1,1,0,5
1062,33-308,NJD,0,0,0,-2,0,2
1063,33-310,TBL,0,3,3,1,0,2
1064,33-314,OTT,0,1,1,0,0,3
1065,33-316,NYI,1,3,4,4,0,2
1066,33-319,PIT,1,1,2,0,0,7
1067,33-322,TBL,0,0,0,-1,4,4
1068,33-324,PHI,0,2,2,1,0,5
1069,33-326,FLA,2,0,2,2,0,5
1070,33-329,CGY,0,0,0,1,0,0
1071,33-331,EDM,1,1,2,-1,2,3
1072,33-333,DET,1,1,2,0,2,4
1073,33-335,CBJ,0,0,0,0,0,3
1074,33-338,PIT,0,1,1,1,0,2
1075,33-340,BOS,0,0,0,0,0,2
1076,33-341,NJD,0,1,1,1,0,3
1077,33-343,BUF,1,0,1,-1,0,5
1078,33-347,PIT,2,1,3,3,0,11
1079,33-349,PHI,1,0,1,1,0,2
1080,33-351,PIT,0,0,0,0,0,5
1081,33-352,NYI,1,1,2,0,0,6
1082,33-354,PHI,1,1,2,0,2,5
1083,33-358,OTT,1,2,3,3,0,5
1084,33-360,TOR,2,1,3,1,0,8
1085,33-361,TOR,2,0,2,2,0,3
1086,34-015,PHI,2,1,3,0,2,3
1087,34-017,NJD,0,0,0,0,2,3
1088,34-019,CAR,0,0,0,-1,4,5
1089,34-021,ATL,1,0,1,-2,4,4
1090,34-024,MTL,0,0,0,0,0,7
1091,34-025,ATL,1,0,1,0,2,7
1092,34-027,CAR,0,1,1,-1,0,6
1093,34-029,WSH,1,1,2,0,2,2
1094,34-031,TOR,1,3,4,1,2,2
1095,34-033,BOS,0,1,1,0,0,3
1096,34-035,PHI,3,0,3,1,0,5
1097,34-037,FLA,1,0,1,1,2,3
1098,34-038,TBL,1,1,2,0,0,6
1099,34-040,BUF,1,1,2,1,2,9
1100,34-042,NYI,0,4,4,3,2,2
1101,34-043,OTT,0,1,1,1,0,5
1102,34-048,PHI,0,1,1,1,0,12
1103,34-050,NYI,0,0,0,3,0,3
1104,34-052,BOS,1,2,3,3,0,3
1105,34-053,NJD,0,1,1,0,0,4
1106,34-055,NYI,0,2,2,0,0,2
1107,34-057,PIT,1,0,1,1,2,3
1108,34-059,PHI,0,0,0,-1,2,3
1109,34-062,OTT,0,1,1,-1,6,5
1110,34-232,WSH,1,1,2,1,0,4
1111,34-234,PHI,0,2,2,1,2,2
1112,34-237,PHI,0,1,1,0,2,5
1113,34-239,PIT,1,2,3,-1,4,4
1114,34-241,BUF,0,2,2,0,2,1
1115,34-243,NJD,0,1,1,1,2,3
1116,34-245,NSH,0,0,0,0,0,9
1117,34-248,TOR,0,2,2,-2,0,5
1118,34-252,FLA,0,1,1,1,0,3
1119,34-255,PHX,1,3,4,2,0,4
1120,34-257,LAK,0,0,0,0,2,4
1121,34-259,ANA,1,1,2,0,0,5
1122,34-260,SJS,0,0,0,1,4,3
1123,34-263,BUF,1,2,3,0,2,3
1124,34-266,FLA,0,0,0,0,0,2
1125,34-268,ATL,0,3,3,1,0,2
1126,34-269,WSH,0,0,0,0,0,3
1127,34-272,NJD,2,0,2,2,6,5
1128,34-273,CAR,1,0,1,0,2,5
1129,34-276,PIT,0,0,0,-1,2,3
1130,34-277,TBL,1,2,3,2,2,6
1131,34-279,CAR,2,0,2,2,2,3
1132,34-283,PIT,1,1,2,2,2,7
1133,34-284,BUF,0,1,1,2,0,4
1134,34-286,ATL,0,0,0,0,0,7
1135,34-289,BUF,0,2,2,1,2,7
1136,34-291,NYI,1,0,1,-1,0,5
1137,34-295,PIT,0,1,1,0,0,1
1138,34-297,OTT,1,1,2,1,0,6
1139,34-298,FLA,0,1,1,1,0,2
1140,34-300,PHI,0,0,0,1,0,11
1141,34-302,DAL,0,0,0,1,0,1
1142,34-304,TOR,0,2,2,-1,0,1
1143,34-305,NJD,0,1,1,0,2,8
1144,34-307,NYI,2,1,3,0,2,6
1145,34-309,FLA,0,1,1,-1,0,2
1146,34-311,TBL,0,0,0,0,0,2
1147,34-314,NYI,0,0,0,-1,0,5
1148,34-317,OTT,0,0,0,-1,4,5
1149,34-318,WSH,0,1,1,2,2,2
1150,34-321,NJD,0,1,1,0,0,0
1151,34-323,PHI,0,1,1,1,2,5
1152,34-325,MTL,0,0,0,0,0,1
1153,34-328,NYI,1,2,3,-2,0,4
1154,34-330,OTT,0,1,1,-2,0,7
1155,34-332,BOS,0,1,1,0,2,3
1156,34-335,NJD,0,0,0,0,0,1
1157,34-339,ATL,1,0,1,-1,2,5
1158,34-346,PHI,1,0,1,0,0,5
1159,34-348,BOS,0,0,0,0,0,4
1160,34-350,TOR,0,1,1,-1,0,3
1161,34-353,TBL,0,1,1,0,0,2
1162,34-355,DET,0,0,0,1,0,3
1163,34-356,NJD,1,0,1,1,0,6
1164,34-359,TBL,1,1,2,3,0,3
1165,34-360,WSH,0,3,3,1,2,4
1166,35-000,CAR,0,1,1,0,0,3
1167,35-002,PHI,0,1,1,0,2,8
1168,35-003,CHI,0,1,1,0,0,3
1169,35-005,NJD,0,0,0,0,0,0
1170,35-007,NJD,0,1,1,-1,2,4
1171,35-009,CBJ,1,0,1,0,0,3
1172,35-012,MTL,1,1,2,1,2,3
1173,35-014,PIT,1,0,1,0,0,4
1174,35-016,STL,0,0,0,0,0,0
1175,35-018,NYI,0,0,0,0,0,7
1176,35-021,NYI,0,1,1,-1,2,6
1177,35-023,PIT,0,0,0,0,0,6
1178,35-024,CAR,0,1,1,0,0,3
1179,35-026,OTT,0,2,2,2,0,4
1180,35-029,ATL,0,0,0,1,0,5
1181,35-030,BOS,0,3,3,1,2,2
1182,35-032,PIT,1,0,1,0,2,6
1183,35-034,PHI,1,0,1,0,0,7
1184,35-037,BOS,0,1,1,0,4,3
1185,35-038,NYI,0,0,0,0,0,4
1186,35-040,MTL,0,0,0,-1,0,7
1187,35-044,PHI,2,1,3,2,0,2
1188,35-045,TOR,1,2,3,2,4,4
1189,35-047,NYI,0,1,1,1,0,4
1190,35-049,MTL,1,1,2,2,2,3
1191,35-051,PIT,0,0,0,0,0,1
1192,35-231,FLA,0,2,2,3,0,2
1193,35-233,OTT,0,0,0,-2,2,5
1194,35-237,NYI,0,0,0,0,0,3
1195,35-239,WSH,0,3,3,0,0,3
1196,35-240,OTT,1,0,1,0,0,6
1197,35-245,ATL,0,2,2,-2,0,2
1198,35-247,BOS,0,0,0,0,6,2
1199,35-250,PIT,0,0,0,0,0,4
1200,35-252,NJD,0,0,0,0,0,1
1201,35-254,TOR,1,0,1,0,0,2
1202,35-256,TBL,0,2,2,0,0,5
1203,35-259,WSH,0,0,0,0,0,1
1204,35-261,NJD,0,0,0,0,0,3
1205,35-263,PHI,1,1,2,1,0,5
1206,35-264,NYI,0,1,1,0,0,2
1207,35-266,PIT,0,1,1,0,0,3
1208,35-268,TOR,0,0,0,0,2,1
1209,35-272,NJD,1,1,2,1,4,4
1210,35-273,PHI,0,0,0,0,2,1
1211,35-275,PIT,0,0,0,0,0,0
1212,35-277,NYI,0,0,0,0,0,1
1213,35-279,TBL,0,0,0,-1,2,1
1214,35-281,FLA,0,0,0,0,0,2
1215,35-283,DAL,1,0,1,1,2,6
1216,35-287,NYI,1,1,2,1,0,4
1217,35-289,OTT,1,0,1,0,0,5
1218,35-291,CAR,0,0,0,-3,0,2
1219,35-294,TOR,0,0,0,-1,0,3
1220,35-295,ATL,0,0,0,-3,0,2
1221,35-297,NJD,0,0,0,0,0,1
1222,35-300,WSH,0,1,1,1,0,3
1223,35-304,PHX,0,0,0,-1,2,4
1224,35-306,PIT,0,1,1,2,0,2
1225,35-308,MIN,0,2,2,-1,0,0
1226,35-309,COL,0,1,1,2,0,2
1227,35-311,OTT,0,1,1,-1,0,4
1228,35-314,CAR,2,0,2,2,0,9
1229,35-317,TOR,1,3,4,0,0,7
1230,35-318,MTL,1,0,1,2,0,1
1231,35-321,CGY,0,2,2,0,2,3
1232,35-322,VAN,0,0,0,0,0,1
1233,35-324,EDM,0,1,1,0,2,2
1234,35-327,TBL,1,0,1,-3,0,3
1235,35-329,PHI,0,0,0,-1,4,4
1236,35-331,MTL,0,1,1,1,2,7
1237,35-333,PIT,1,0,1,-1,0,6
1238,35-335,BUF,0,0,0,-1,4,5
1239,35-338,BOS,1,2,3,2,2,3
1240,35-339,BOS,0,0,0,-1,2,2
1241,35-341,ATL,1,2,3,3,0,5
1242,35-343,ATL,0,0,0,0,0,3
1243,35-348,CAR,0,1,1,0,4,4
1244,35-350,PHI,0,0,0,0,0,0
1245,35-351,NJD,0,0,0,0,0,1
1246,35-353,MTL,0,0,0,2,0,2
1247,35-355,LAK,0,0,0,-1,0,7
1248,35-357,ANA,0,0,0,-1,0,3
1249,35-359,PHI,0,0,0,0,2,2
1250,35-360,WSH,0,0,0,1,0,2
1251,36-001,BUF,0,2,2,3,0,2
1252,36-002,SJS,0,0,0,-1,2,6
1253,36-004,MTL,0,4,4,2,0,3
1254,36-008,BUF,1,0,1,-1,0,2
1255,36-009,FLA,1,0,1,1,0,2
1256,36-013,CAR,0,1,1,1,0,2
1257,36-016,PHI,0,1,1,-1,0,0
1258,36-018,NYI,0,0,0,-1,4,4
1259,36-020,NYI,0,1,1,1,0,2
1260,36-023,BOS,0,0,0,0,2,6
1261,36-024,BUF,1,0,1,0,0,2
1262,36-028,FLA,0,0,0,1,0,4
1263,36-029,TBL,0,0,0,-1,0,2
1264,36-032,PIT,0,1,1,2,0,1
1265,36-033,NJD,0,0,0,0,0,1
1266,36-035,PHI,1,1,2,2,0,4
1267,36-039,PHI,1,0,1,1,0,2
1268,36-041,NJD,0,0,0,-1,0,4
1269,36-044,PIT,0,1,1,-1,2,4
1270,36-045,PIT,1,1,2,-1,0,5
1271,36-048,NYI,2,0,2,1,0,6
1272,36-049,NYI,1,1,2,0,0,3
1273,36-051,NJD,1,0,1,0,2,3
1274,39-233,BOS,0,1,1,0,0,2
1275,39-235,NJD,0,0,0,2,0,1
1276,39-239,VAN,0,1,1,0,2,4
1277,39-242,LAK,0,1,1,-1,0,3
1278,39-245,OTT,0,1,1,-1,0,2
1279,39-247,WSH,0,0,0,0,0,5
1280,39-249,STL,0,0,0,-1,0,1
1281,39-251,TOR,2,1,3,2,0,6
1282,39-253,MTL,1,0,1,0,0,3
1283,39-254,WPG,0,1,1,-1,0,4
1284,39-256,CAR,2,0,2,3,2,4
1285,39-260,BUF,0,1,1,1,2,3
1286,39-261,NJD,0,1,1,1,2,0
1287,39-263,CBJ,1,1,2,1,0,2
1288,39-267,TBL,0,0,0,0,0,2
1289,39-271,FLA,0,0,0,-1,2,0
1290,39-272,CAR,0,2,2,2,0,2
1291,39-275,PHX,0,0,0,0,0,0
1292,39-281,NYI,0,0,0,-2,0,0
1293,39-290,ANA,2,1,3,0,2,10
1294,39-291,PHX,0,1,1,0,0,2
1295,39-295,BUF,1,0,1,0,0,3
1296,39-296,PIT,0,0,0,0,0,5
1297,39-298,TBL,1,1,2,2,0,4
1298,39-301,WSH,0,1,1,1,0,0
1299,39-303,MTL,0,1,1,1,0,1
1300,39-305,BOS,0,0,0,0,0,2
1301,39-307,COL,0,1,1,0,0,2
1302,39-309,DAL,1,1,2,2,0,4
1303,39-311,NYR,0,0,0,0,0,4
1304,39-315,TBL,0,1,1,0,0,1
1305,39-317,PIT,1,0,1,1,0,2
1306,39-321,NYR,0,0,0,0,0,1
1307,39-327,OTT,0,0,0,-1,0,2
1308,39-329,CAR,0,0,0,0,2,1
1309,39-331,NYI,0,1,1,-1,0,0
1310,39-333,NSH,0,0,0,0,0,2
1311,39-336,MIN,0,2,2,1,0,3
1312,39-338,NYI,0,0,0,-3,0,2
1313,39-340,NJD,0,0,0,0,0,0
1314,39-350,WPG,0,1,1,-1,2,2
1315,39-352,NSH,0,1,1,1,2,1
1316,39-354,NJD,1,1,2,1,0,4
1317,39-355,NYR,0,0,0,-3,0,3
1318,39-357,NYI,0,0,0,0,0,4
1319,39-359,TOR,0,1,1,3,0,1
1320,39-361,NYR,0,0,0,-1,0,3
1321,39-362,DET,0,0,0,0,0,3
1322,40-003,PIT,2,0,2,-2,0,3
1323,40-006,WPG,1,0,1,1,0,1
1324,40-008,EDM,0,0,0,-1,0,2
1325,40-010,CGY,0,0,0,-1,0,2
1326,40-013,SJS,0,0,0,0,0,1
1327,40-015,NYI,1,1,2,1,0,2
1328,40-018,WSH,0,0,0,0,0,4
1329,40-020,DET,0,0,0,0,0,0
1330,40-022,FLA,1,0,1,0,0,4
1331,40-024,TOR,0,0,0,0,0,1
1332,40-025,NJD,0,1,1,-1,0,0
1333,40-027,NJD,0,0,0,0,0,1
1334,40-029,NYI,0,1,1,1,0,3
1335,40-031,BOS,0,0,0,0,2,3
1336,40-032,PIT,0,0,0,-1,0,2
1337,40-034,FLA,0,0,0,0,2,1
1338,40-036,WSH,0,1,1,1,0,1
1339,40-038,MTL,0,1,1,0,0,2
1340,40-040,TBL,0,0,0,-2,2,3
1341,40-043,TOR,0,3,3,2,2,1
1342,40-045,OTT,0,0,0,-1,0,8
1343,40-046,PIT,0,1,1,1,0,2
1344,40-048,NYR,0,0,0,0,2,1
1345,40-050,BUF,0,0,0,1,0,5
1346,40-052,PIT,1,0,1,-2,2,1
1347,40-339,PHX,2,2,4,1,0,3
1348,40-340,MIN,0,0,0,0,2,3
1349,40-342,DET,0,0,0,0,0,5
1350,40-344,CHI,0,0,0,0,2,2
1351,40-348,CBJ,0,0,0,0,0,1
1352,40-349,DET,0,1,1,0,0,3
1353,40-352,PHX,0,0,0,-1,2,3
1354,40-353,PHX,0,0,0,0,0,4
1355,40-355,COL,0,1,1,2,4,3
1356,40-357,EDM,1,1,2,2,0,3
1357,40-359,ANA,0,0,0,0,0,1
1358,40-363,EDM,1,0,1,1,0,2
1359,40-364,CGY,0,2,2,-2,0,4
1360,41-000,VAN,0,0,0,0,2,2
1361,41-002,CGY,0,0,0,-2,2,3
1362,41-006,VAN,0,0,0,0,0,2
1363,41-008,SJS,1,1,2,1,2,1
1364,41-010,NSH,0,0,0,-2,0,2
1365,41-011,CBJ,0,0,0,-1,0,2
1366,41-013,EDM,1,0,1,-1,0,4
1367,41-016,STL,1,0,1,0,0,4
1368,41-020,LAK,2,0,2,1,0,3
1369,41-022,PHX,1,0,1,0,0,2
1370,41-025,NSH,0,0,0,-1,0,0
1371,41-027,ANA,0,0,0,0,2,1
1372,41-029,CHI,0,0,0,-1,0,2
1373,41-031,CGY,0,0,0,0,0,3
1374,41-033,COL,1,2,3,2,0,3
1375,41-034,LAK,1,0,1,1,0,2
1376,41-036,COL,1,1,2,1,0,4
1377,41-038,MIN,1,0,1,-2,0,3
1378,41-042,MIN,0,1,1,-2,0,3
1379,41-044,LAK,0,0,0,0,0,2
1380,41-045,ANA,0,0,0,-2,2,2
1381,41-048,NJD,1,0,1,1,0,5
1382,41-050,MTL,0,0,0,0,0,1
1383,41-052,CAR,0,2,2,2,0,2
1384,41-054,NJD,0,2,2,0,0,1
1385,41-055,NYI,0,1,1,0,0,4
1386,41-057,CAR,0,1,1,0,0,5
1387,41-061,BUF,0,0,0,0,0,4
1388,41-064,PIT,0,0,0,0,2,3
1389,41-065,FLA,1,0,1,1,0,2
1390,41-067,PHI,0,1,1,-1,0,1
1391,41-069,TBL,0,0,0,0,0,0
1392,41-230,PIT,0,0,0,0,0,1
1393,41-231,NYI,0,0,0,-2,0,1
1394,41-234,EDM,1,0,1,2,0,3
1395,41-235,VAN,1,1,2,2,0,2
1396,41-238,CGY,0,0,0,1,0,1
1397,41-240,WPG,0,0,0,0,0,3
1398,41-244,OTT,0,0,0,-1,0,8
1399,41-246,NYR,0,2,2,1,0,0
1400,41-249,CBJ,0,1,1,-2,2,2
1401,41-251,VAN,0,1,1,1,0,2
1402,41-253,BOS,0,2,2,0,0,1
1403,41-256,TBL,1,0,1,1,0,3
1404,41-260,PHI,0,0,0,0,2,0
1405,41-261,MIN,0,0,0,-1,2,0
1406,41-265,PHI,1,0,1,1,0,1
1407,41-266,TOR,0,0,0,0,0,4
1408,41-268,NSH,1,1,2,2,0,2
1409,41-270,NYR,0,1,1,1,4,4
1410,41-273,LAK,0,0,0,-1,0,4
1411,41-274,PIT,2,0,2,4,0,3
1412,41-278,ANA,1,0,1,1,0,4
1413,41-279,LAK,1,0,1,0,4,1
1414,41-281,SJS,0,0,0,0,0,0
1415,41-283,WPG,0,0,0,-3,0,5
1416,41-285,CAR,1,0,1,1,0,4
1417,41-287,CAR,1,2,3,2,2,2
1418,41-288,BUF,0,0,0,0,0,0
1419,41-290,MTL,0,0,0,0,0,4
1420,41-292,MTL,0,0,0,-1,2,2
1421,41-294,DET,0,0,0,0,0,1
1422,41-295,NYR,0,2,2,0,0,1
1423,41-298,CBJ,0,1,1,0,0,3
1424,41-301,PIT,0,1,1,0,0,5
1425,41-302,TBL,0,2,2,2,0,3
1426,41-306,OTT,1,0,1,0,0,1
1427,41-308,ANA,0,1,1,-1,0,2
1428,41-309,WSH,1,2,3,2,0,5
1429,41-311,CHI,0,0,0,-1,2,0
1430,41-315,CBJ,0,0,0,0,0,3
1431,41-316,NYI,0,1,1,0,0,1
1432,41-319,PIT,0,0,0,-1,0,2
1433,41-322,CHI,0,0,0,1,2,1
1434,41-323,BUF,0,0,0,0,0,5
1435,41-326,PHI,0,1,1,1,0,7
1436,41-328,DAL,0,0,0,0,0,2
1437,41-330,FLA,0,1,1,1,0,5
1438,41-331,TOR,0,0,0,0,2,0
1439,41-333,MTL,1,1,2,2,0,3
1440,41-335,COL,0,0,0,0,0,7
1441,41-337,PHX,1,0,1,1,2,4
1442,41-340,STL,1,0,1,2,0,2
1443,41-343,WSH,0,2,2,1,2,0
1444,41-345,NYR,0,2,2,1,0,2
1445,41-347,STL,0,0,0,0,0,2
1446,41-349,DAL,0,2,2,1,2,3
1447,41-350,NSH,1,1,2,0,0,3
1448,41-353,COL,0,0,0,0,2,5
1449,41-357,EDM,0,1,1,1,0,4
1450,41-358,WSH,0,0,0,-1,0,2
1451,42-012,CBJ,1,0,1,-1,2,4
1452,42-014,NYI,1,1,2,1,0,4
1453,42-015,SJS,0,0,0,-3,0,2
1454,42-017,DET,0,1,1,1,0,3
1455,42-020,DET,1,0,1,-2,0,3
1456,42-021,CAR,0,1,1,0,0,1
1457,42-024,PHI,1,1,2,2,2,1
1458,42-027,FLA,1,0,1,-3,2,3
1459,42-028,TBL,0,0,0,-1,0,2
1460,42-031,BOS,0,1,1,-1,0,2
1461,42-033,MIN,1,0,1,-1,0,6
1462,42-035,NYR,0,0,0,0,2,4
1463,42-036,TOR,0,0,0,0,0,6
1464,42-040,PHX,0,0,0,0,2,4
1465,42-042,NYI,0,0,0,-1,0,5
1466,42-044,FLA,1,3,4,2,0,3
1467,42-045,BUF,0,0,0,-1,0,3
1468,42-048,WSH,0,0,0,1,0,4
1469,42-049,CAR,0,0,0,1,0,3
1470,42-051,CGY,0,0,0,0,0,4
1471,42-054,OTT,0,0,0,0,2,5
1472,42-055,NYI,0,1,1,0,2,5
1473,42-057,BOS,0,2,2,1,0,3
1474,42-236,PHI,0,2,2,1,2,1
1475,42-238,FLA,0,0,0,1,0,2
1476,42-241,TBL,0,0,0,1,0,2
1477,42-243,WSH,0,0,0,-2,2,1
1478,42-245,SJS,0,1,1,-1,2,2
1479,42-248,NYR,1,1,2,-1,2,2
1480,42-251,DAL,0,0,0,-1,0,1
1481,42-252,OTT,1,0,1,0,0,1
1482,42-255,PIT,0,1,1,0,0,0
1483,42-257,WPG,0,0,0,0,0,3
1484,42-259,CBJ,0,1,1,0,0,3
1485,42-262,STL,0,0,0,0,0,0
1486,42-264,STL,0,1,1,1,2,1
1487,42-265,DET,0,0,0,-1,2,2
1488,42-268,BOS,1,0,1,0,0,6
1489,42-269,MIN,0,2,2,0,0,2
1490,42-272,WSH,0,0,0,1,0,2
1491,42-273,COL,0,0,0,0,0,2
1492,42-276,WPG,0,0,0,0,0,3
1493,42-279,EDM,0,0,0,0,0,2
1494,42-280,CGY,0,1,1,-1,2,1
1495,42-283,VAN,0,0,0,0,0,2
1496,42-286,DET,1,1,2,2,0,2
1497,42-287,NYI,0,0,0,-3,2,2
1498,42-290,PIT,0,0,0,0,2,3
1499,42-294,WSH,0,0,0,-1,0,3
1500,42-296,CAR,1,1,2,1,0,5
1501,42-297,CHI,0,0,0,0,2,1
1502,42-299,PHI,0,0,0,-2,0,3
1503,42-301,DAL,0,1,1,-3,0,3
1504,42-303,NYI,0,2,2,0,2,6
1505,42-305,OTT,0,0,0,-1,2,4
1506,42-307,TBL,0,0,0,-1,0,1
1507,42-308,WSH,0,0,0,-1,0,2
1508,42-311,CAR,0,0,0,-1,0,2
1509,42-315,NYR,0,0,0,-1,0,2
1510,42-317,PIT,1,0,1,1,0,3
1511,42-319,DET,0,0,0,-1,4,0
1512,42-321,MTL,0,1,1,-1,2,3
1513,42-322,PHI,3,0,3,4,0,5
1514,42-325,BUF,0,0,0,0,2,3
1515,42-327,BOS,0,0,0,0,2,4
1516,42-328,NYI,0,0,0,0,2,1
1517,42-347,TOR,0,0,0,-1,2,0
1518,42-349,PIT,0,0,0,-1,0,2
1519,42-350,FLA,1,0,1,0,2,2
1520,42-353,OTT,0,1,1,0,0,1
1521,42-356,TOR,1,0,1,1,0,2
1522,42-357,MTL,0,1,1,1,0,0
1523,42-359,EDM,0,0,0,0,0,2
1524,42-363,CHI,0,0,0,0,2,0
1525,42-364,NSH,0,0,0,0,0,1
1526,43-002,BUF,0,0,0,0,0,3
1527,43-005,VAN,0,0,0,0,0,1
1528,43-006,CAR,0,0,0,0,0,1
1529,43-008,ARI,0,0,0,1,0,0
1530,43-010,CGY,0,0,0,-1,0,5
1531,43-013,BUF,0,0,0,-1,0,3
1532,43-014,TBL,1,1,2,2,0,3
1533,43-016,TOR,0,0,0,-1,0,4
1534,43-020,NYI,0,1,1,1,0,1
1535,43-025,WPG,0,2,2,1,0,0
1536,43-027,CAR,0,0,0,0,0,1
1537,43-028,NYR,0,0,0,0,0,5
1538,43-030,MTL,0,0,0,0,4,1
1539,43-032,DET,1,1,2,2,0,2
1540,43-034,BOS,0,0,0,0,0,1
1541,43-037,TBL,0,1,1,0,0,4
1542,43-039,TOR,0,1,1,2,0,1
1543,43-041,MTL,0,1,1,1,2,4
1544,43-042,OTT,2,0,2,1,0,4
1545,43-044,BOS,0,0,0,-1,0,0
1546,43-046,CAR,1,1,2,2,0,3
1547,43-048,TBL,0,0,0,-2,0,5
1548,43-049,MTL,0,0,0,-1,0,5
1549,43-053,BOS,0,2,2,1,0,0
1550,43-055,NJD,1,1,2,0,0,3
1551,43-237,PHI,2,0,2,2,0,3
1552,43-239,PHI,0,0,0,0,0,2
1553,43-240,CAR,0,1,1,0,0,2
1554,43-242,BUF,2,1,3,1,0,3
1555,43-244,DAL,0,1,1,-1,0,2
1556,43-247,PIT,0,0,0,0,0,3
1557,43-249,CHI,1,0,1,0,4,3
1558,43-251,DAL,1,1,2,1,0,5
1559,43-254,COL,0,0,0,0,0,0
1560,43-262,ANA,0,0,0,1,0,1
1561,43-263,SJS,0,0,0,-4,0,1
1562,43-265,LAK,0,0,0,0,0,0
1563,43-268,CGY,1,1,2,0,0,2
1564,43-270,BUF,0,1,1,0,0,2
1565,43-272,TBL,0,0,0,-1,0,0
1566,43-274,TBL,0,1,1,1,0,1
1567,43-277,ANA,0,1,1,-1,4,2
1568,43-279,NYR,1,0,1,-1,2,5
1569,43-281,LAK,0,1,1,-1,0,2
1570,43-285,NYI,0,1,1,0,0,0
1571,43-287,DET,0,0,0,-1,0,1
1572,43-289,STL,0,0,0,1,0,1
1573,43-291,NSH,0,0,0,0,2,2
1574,43-292,CBJ,0,0,0,0,2,1
1575,43-294,NJD,0,2,2,1,0,1
1576,43-296,OTT,0,0,0,0,0,2
1577,43-298,WSH,1,0,1,1,0,5
1578,43-300,BOS,0,0,0,-1,0,0
1579,43-305,NJD,0,1,1,1,0,0
1580,43-306,CAR,0,0,0,1,0,1
1581,43-308,VAN,1,1,2,0,0,5
1582,43-310,OTT,0,1,1,1,0,2
1583,43-315,CBJ,0,0,0,1,0,2
1584,43-317,MTL,1,0,1,1,0,4
1585,43-321,NYR,0,0,0,0,4,0
1586,43-322,MIN,2,0,2,2,0,2
1587,43-324,BUF,1,0,1,1,2,3
1588,43-326,OTT,0,1,1,1,0,0
1589,43-329,EDM,1,0,1,2,0,2
1590,43-330,VAN,0,1,1,0,2,1
1591,43-332,CGY,0,0,0,-2,0,0
1592,43-336,TBL,0,0,0,0,2,0
1593,43-337,EDM,0,0,0,0,2,0
1594,43-341,CHI,0,0,0,1,0,2
1595,43-342,TBL,0,1,1,2,0,1
1596,43-345,TOR,0,0,0,0,0,0
1597,43-352,WSH,0,1,1,1,0,1
1598,43-354,DET,1,2,3,1,6,2
1599,43-356,PIT,0,0,0,-1,2,6
1600,43-358,DET,0,0,0,0,0,1
1601,43-359,BUF,1,0,1,3,2,4
1602,43-362,STL,0,2,2,0,0,2
1603,43-363,NSH,0,0,0,-1,0,3
1604,44-000,PIT,0,0,0,-1,0,1
1605,44-003,SJS,1,0,1,1,0,1
1606,44-005,WPG,2,0,2,2,0,3
1607,44-010,ARI,0,1,1,1,0,1
1608,44-012,CBJ,0,2,2,1,0,2
1609,44-013,MIN,0,0,0,-1,0,1
1610,44-015,WPG,1,0,1,-1,0,2
1611,44-017,COL,0,1,1,1,2,4
1612,44-019,ARI,0,0,0,0,2,0
1613,44-021,BOS,0,1,1,0,0,2
1614,44-024,OTT,2,0,2,1,0,2
1615,44-026,PHI,0,2,2,0,0,3
1616,44-028,NYI,0,0,0,0,0,1
1617,44-029,MTL,0,1,1,1,0,2
1618,44-031,TOR,1,0,1,1,2,3
1619,44-033,DET,0,0,0,-2,0,1
1620,44-035,NYR,0,0,0,-1,0,1
1621,44-038,BOS,0,1,1,1,0,1
1622,44-040,TBL,1,1,2,1,0,2
1623,44-043,TOR,0,1,1,-1,2,3
1624,44-045,NJD,0,2,2,2,0,3
1625,44-047,MTL,1,0,1,0,2,3
1626,44-049,TOR,0,0,0,1,2,0
1627,44-050,MTL,0,2,2,1,0,1
1628,44-052,OTT,1,0,1,1,0,3
1629,44-054,CAR,0,1,1,1,0,1
1630,44-241,NJD,0,0,0,1,0,7
1631,44-243,DET,0,1,1,1,0,1
1632,44-246,TBL,0,0,0,0,2,1
1633,44-248,WSH,1,0,1,0,0,3
1634,44-250,COL,0,1,1,1,0,2
1635,44-253,PIT,0,0,0,-2,2,3
1636,44-255,TOR,0,1,1,0,0,3
1637,44-257,BUF,0,0,0,0,2,4
1638,44-258,DET,0,0,0,0,0,0
1639,44-260,BOS,0,0,0,0,0,1
1640,44-262,NJD,0,1,1,0,0,0
1641,44-264,WSH,0,0,0,0,0,0
1642,44-266,TBL,0,0,0,-1,0,4
1643,44-269,SJS,0,1,1,-1,0,3
1644,44-271,NYI,0,0,0,1,2,4
1645,44-274,MTL,0,0,0,0,2,0
1646,44-276,TOR,0,0,0,-2,0,2
1647,44-278,OTT,1,2,3,3,2,4
1648,44-279,NYR,0,0,0,0,0,3
1649,44-281,PHI,0,0,0,0,0,2
1650,44-285,CBJ,1,0,1,1,0,3
1651,44-286,CAR,0,1,1,0,0,1
1652,44-288,CHI,1,0,1,-1,0,3
1653,44-290,DET,0,0,0,-1,0,2
1654,44-292,OTT,0,0,0,0,0,3
1655,44-294,BOS,1,0,1,1,2,3
1656,44-295,PHI,0,0,0,1,4,1
1657,44-297,PIT,1,0,1,-1,0,2
1658,44-299,VAN,0,1,1,2,0,5
1659,44-302,MIN,0,0,0,-1,2,1
1660,44-304,WPG,0,1,1,0,0,4
1661,44-305,COL,0,0,0,1,4,5
1662,44-309,BUF,0,3,3,0,0,3
1663,44-311,BOS,0,1,1,0,0,4
1664,44-312,DET,0,1,1,1,2,1
1665,44-317,TOR,0,0,0,0,0,0
1666,44-318,MTL,0,0,0,0,0,2
1667,44-320,DAL,1,1,2,1,4,2
1668,44-324,WPG,0,1,1,-1,0,1
1669,44-326,NSH,0,1,1,1,4,1
1670,44-327,BOS,0,0,0,-1,0,2
1671,44-329,NJD,0,0,0,0,0,1
1672,44-331,NYI,0,0,0,0,0,0
1673,44-333,NYI,0,1,1,-1,0,1
1674,44-334,CBJ,1,0,1,2,2,2
1675,44-337,CGY,0,0,0,0,0,2
1676,44-338,EDM,0,1,1,-1,0,0
1677,44-340,VAN,1,0,1,0,0,4
1678,44-343,ARI,0,0,0,0,0,2
1679,44-346,TBL,0,0,0,0,0,1
1680,44-351,OTT,0,0,0,-1,2,1
1681,44-354,ANA,0,0,0,0,2,2
1682,44-360,LAK,0,1,1,-1,2,2
1683,44-362,NSH,1,0,1,2,0,1
1684,45-000,SJS,0,1,1,2,2,1
1685,45-002,ANA,1,0,1,1,0,2
1686,45-003,LAK,0,1,1,2,0,1
1687,45-005,STL,0,0,0,0,0,2
1688,45-007,EDM,0,0,0,0,0,5
1689,45-009,CGY,0,0,0,-2,2,1
1690,45-011,OTT,0,0,0,-1,0,3
1691,45-013,CAR,1,0,1,0,0,2
1692,45-015,PHI,0,0,0,0,2,2
1693,45-017,DAL,0,0,0,0,0,1
1694,45-020,NYR,0,0,0,0,0,2
1695,45-023,MIN,1,0,1,0,0,5
1696,45-024,TBL,1,0,1,2,0,2
1697,45-027,TOR,0,0,0,1,2,1
1698,45-029,CBJ,0,0,0,0,0,3
1699,45-030,NYR,0,2,2,2,0,1
1700,45-032,PIT,0,0,0,-2,0,0
1701,45-034,CAR,0,2,2,2,0,1
1702,45-036,ARI,0,0,0,-1,0,5
1703,45-038,CHI,0,0,0,1,0,0
1704,45-040,BUF,0,0,0,1,2,2
1705,45-041,TOR,1,0,1,-2,2,4
1706,45-043,MTL,0,0,0,-3,0,4
1707,45-045,BOS,1,0,1,-3,0,2
1708,45-047,MTL,0,0,0,-1,0,2
1709,45-050,STL,0,1,1,-2,0,5
1710,45-052,BUF,0,2,2,1,2,3
1711,45-053,WSH,0,0,0,0,0,4
